{
    "wallpaper": "{{image}}",
    "alpha": "100",
    "colors": {
      "color0": "{{colors.background.default.hex}}",
      "color1": "",
      "color2": "",
      "color3": "",
      "color4": "",
      "color5": "",
      "color6": "",
      "color7": "",
      "color8": "",
      "color9": "",
      "color10": "{{colors.primary.default.hex}}",
      "color11": "",
      "color12": "",
      "color13": "{{colors.surface_bright.default.hex}}",
      "color14": "",
      "color15": "{{colors.on_surface.default.hex}}"
    }
  }